{"schemaVersion":"1.0","appDefinitionTemplate":{"id":"/providers/Microsoft.PowerApps/apps/","type":"Microsoft.PowerApps/apps","tags":{"primaryDeviceWidth":"1366","primaryDeviceHeight":"768","sienaVersion":"20220317T161342Z-3.22022.23.0","deviceCapabilities":"","supportsPortrait":"true","supportsLandscape":"true","primaryFormFactor":"Tablet","publisherVersion":"3.22022.23","minimumRequiredApiVersion":"2.2.0","hasComponent":"true","hasUnlockedComponent":"true","isUnifiedRootApp":"false"},"properties":{"appVersion":"2022-03-17T16:13:42Z","lifeCycleId":"Published","createdByClientVersion":{"major":3,"minor":22022,"build":23,"revision":0,"majorRevision":0,"minorRevision":0},"minClientVersion":{"major":3,"minor":22022,"build":23,"revision":0,"majorRevision":0,"minorRevision":0},"backgroundColor":"rgba(56, 96, 178, 1)","backgroundImageUri":"/6125898279656410689/N39fd86ed-69f6-4135-b085-ef852d121557-logoSmallFile","displayName":"Easter calender","description":"","commitMessage":"","appUris":{"documentUri":{"value":"/6125898279656410689/N895909e9-edcc-47bc-ba3c-30ff3bb90b81-document.msapp"},"imageUris":[]},"createdTime":"0001-01-01T00:00:00Z","lastModifiedTime":"0001-01-01T00:00:00Z","sharedGroupsCount":0,"sharedUsersCount":0,"icons":{"smallIconUri":"/6125898279656410689/N037d1de2-fb36-41a6-bccc-371e139a3391-small.png","mediumIconUri":"/6125898279656410689/N3ca50b09-dac4-4140-8a5b-0e8cba61d065-medium.png","largeIconUri":"/6125898279656410689/Nd854729e-7c8d-43f5-847c-4362484f4621-large.png","wideIconUri":"/6125898279656410689/N0b9ba64e-c9d5-42ee-88e3-8b52421d00be-wide.png"},"connectionReferences":{},"databaseReferences":{},"almMode":"Environment","performanceOptimizationEnabled":true,"canConsumeAppPass":true,"executionRestrictions":{"isTeamsOnly":false,"dataLossPreventionEvaluationResult":{"status":"Compliant","lastEvaluationDate":"2022-01-11T18:49:54.5206249Z","violations":[],"violationsByPolicy":[],"violationErrorMessage":"Die App verwendet die folgenden Connectors: ."}}},"appType":"ClassicCanvasApp","appComponents":[]}}