{"schemaVersion":"1.0","appDefinitionTemplate":{"id":"/providers/Microsoft.PowerApps/apps/","type":"Microsoft.PowerApps/apps","tags":{"primaryDeviceWidth":"1366","primaryDeviceHeight":"768","sienaVersion":"20220315T140437Z-3.22022.23.0","deviceCapabilities":"","supportsPortrait":"true","supportsLandscape":"true","primaryFormFactor":"Tablet","publisherVersion":"3.22022.23","minimumRequiredApiVersion":"2.2.0","hasComponent":"true","hasUnlockedComponent":"true","isUnifiedRootApp":"false"},"properties":{"appVersion":"2022-03-15T14:04:37Z","lifeCycleId":"Published","createdByClientVersion":{"major":3,"minor":22022,"build":23,"revision":0,"majorRevision":0,"minorRevision":0},"minClientVersion":{"major":3,"minor":22022,"build":23,"revision":0,"majorRevision":0,"minorRevision":0},"backgroundColor":"rgba(204, 204, 204, 1)","backgroundImageUri":"/10535559710731881149/Ne16a213a-f6ae-4bba-a890-9e2674bcff40-logoSmallFile","displayName":"Countdown calender","description":"","commitMessage":"","appUris":{"documentUri":{"value":"/10535559710731881149/N2175b106-3573-4fbf-baf9-4f6816388c7f-document.msapp"},"imageUris":[]},"createdTime":"0001-01-01T00:00:00Z","lastModifiedTime":"0001-01-01T00:00:00Z","sharedGroupsCount":0,"sharedUsersCount":0,"icons":{"smallIconUri":"/10535559710731881149/Ndccb448e-f83b-49e1-a2cb-c7225244058c-small.png","mediumIconUri":"/10535559710731881149/N8805c4d8-d61f-490e-80af-faf286792d49-medium.png","largeIconUri":"/10535559710731881149/Ne669f75c-a17e-424c-8a06-661486ceb52d-large.png","wideIconUri":"/10535559710731881149/Ncaeb1d93-767c-4dbd-9bbe-fe653a740e91-wide.png"},"connectionReferences":{},"databaseReferences":{},"almMode":"Environment","performanceOptimizationEnabled":true,"canConsumeAppPass":true,"executionRestrictions":{"isTeamsOnly":false,"dataLossPreventionEvaluationResult":{"status":"Compliant","lastEvaluationDate":"2022-01-11T18:49:54.5206249Z","violations":[],"violationsByPolicy":[],"violationErrorMessage":"Die App verwendet die folgenden Connectors: ."}}},"appType":"ClassicCanvasApp","appComponents":[]}}